安宁山河,34614,2422203,大众|朗逸|2018款 1.5L 自动舒适版,5,4,4,上海,上海,2018-12,11.89,6.6,必须是外观，大气！车子行驶起来很稳重有安全感，空调很好很暖,起步有点肉，开了自动驻车在第一脚油门时车会有轻微的抖动。胎噪大，隔音不太好，不开大灯仪表盘是黑的是什么鬼？
非一般的人儿,34614,2424651,大众|朗逸|2018款 1.5L 自动舒适版,5,3,3,河北,石家庄,2018-11,12.5,7.7,首先选择这款车是因为颜值，我属于外观控；然后是配置，电子手刹、自动驻车、自动启停，至少这三样是我梦寐以求的。最后是因为没钱想装，就是这样赤裸裸的想法，不服不行。,说好的省优呢？其实我感觉相比我的现代并不省。其次是异响，刚买上在回家的路上，前挡风玻璃左下角一直会有吱吱吱的响声，不开音乐真的很心烦，要炸的感觉。
BABY1065193814,34614,2280314,大众|朗逸|2018款 1.5L 自动舒适版,5,5,5,江苏,南京,2018-10,11.99,7.4,空间大，LED大灯，主动刹车系统（两次差点追尾，帮我刹停）很赞！,座椅不是电动的，内饰塑料感太强
无敌Plus888,34614,2065851,大众|朗逸|2018款 1.5L 自动舒适版,5,5,5,河南,周口,2018-06,13.89,6.5,要说这车最满意的就是外观和空间了，车身比老款加长了一点，轴距虽然增加不多，但是带来的内部体验却给人惊喜，购车的时候特意在老款和新款体验了一下，新款的座椅比这老款要舒服的多，车身长了增加了修长感，后尾部微微上翘给人一种运动感，而且天窗实在是太大了，销售说这是同级别最大的天窗了，而且这车空调特别给力，这么热的天，上车后先通下风，再打开空调，不一会就凉了，是很凉的那种感觉。这空调是六档调速的，温度降下来后，用二挡就可以了。,要说不满意的就是后悬挂竟然不是独立悬挂吧，我不是专业车手，也体验不出好坏，网上都说独立悬挂更舒适一些，咱老百姓买车图的啥就是放心，管它啥悬挂呢，只要开着省心不就行了，最主要的事新车没有优惠！新车上市都这样么，要是等几个月是不是会便宜些，急着用车也就这了。
LmMango,34614,2191590,大众|朗逸|2018款 1.5L 自动舒适版,5,4,4,广东,汕头,2018-07,14,-1.0,最满意的就是外观了，就跟帕萨特一样，看着大气，最重要的是大众的稳定性以及操控性耐用性保值性了，开出去回头率挺高的，这车有锁车后车窗自动关，不过要按住锁车键，可以去刷系统，可是懒得跑。,等了一个月，总算订到黑色的，价格聊了一个月，给优惠了一万。
韩超456,34614,2218960,大众|朗逸|2018款 1.5L 自动舒适版,5,4,4,山东,青岛,2018-08,12.7,7.5,车的外观，配置，尤其是带透镜的LED大灯，带透镜，带透镜，带透镜（重要的事情说三遍）,大众的内饰还是像以前一样。虽然有点改进，感觉还是有点不上档次。动力方面马马虎虎吧。还有就是后排空间凸起，这个有点受不了，还好平时就我一人开，最多也就是一家三口，也能坐开。
人生无价BBA,37389,2434649,奥迪|奥迪A6L|2018款 TFSI 典藏版,5,4,5,山东,泰安,2019-01,40,12.0,最满意的就是这款车的外观和动力，外观延续了奥迪一贯的沉稳与大气，很商务。很喜欢伸缩屏幕的设计。,太商务了，年轻人开出去会被认成司机。
松小牛,37389,2423604,奥迪|奥迪A6L|2018款 TFSI 典藏版,4,4,4,广西,南宁,2018-12,39,8.3,都还好吧，车比较耐看，空间也比较大，喜欢这个车灯，18寸的轮毂配上米其林是比较符合我的口味.其实第二辆车，没有第一辆那么兴奋了，人没老，买了这车就感觉变沉稳了，反正各方面都行,座椅不喜欢皮的，还有就是储物空间太少，其他一些细节不够人性化，后排没有按比例放倒，失败，你们买了慢慢体会，这里说不了那么多
ay3yhf,37391,2424332,奥迪|奥迪A6L|2018款 30 FSI 典藏版,5,2,3,湖北,武汉,2019-01,36,10.0,v6发动机,1、2018款的底盘高度较2015款降低了不少，最小离地间隙太低，导致视线并不是太好；2、另外想吐槽的是a6的座椅实在实在是太短了，而且硬，座椅还不如我14款的帕萨特宽大，跟宝马比起来座椅舒适度完全不在一个层次；3、提速不如我的帕萨特，整车开起来有点笨重不够灵活，但贵在平顺；4、典藏版配备了19存轮毂，减震实在是太硬，舒适感很差。
章鱼痞子哈,37390,2379404,奥迪|奥迪A6L|2018款 35 TFSI 典藏版,5,5,4,河南,郑州,2019-01,31.75,11.0,动力方面很满意，2.0T的动力，市区加速嗷嗷叫。空间也足够大，毕竟5米多的车身。新款确实好看，但是价格偏高，现在老款优惠力度大。,没有储物空间，手机都没地方放。低速顿挫感不是很强烈。吐槽一下4s销售，订车说的，跟交钱时说的完全不一样，最后多送了点东西。
fems3636,37391,2421967,奥迪|奥迪A6L|2018款 30 FSI 典藏版,4,4,5,广东,广州,2018-12,38.6,9.0,隔音好，发动机、胎噪、风噪控制得很好；刹车稳重。,入档倒车或切回D档有明显的顿挫感，影响整体操控性，这点远不如宝马5系。车头修整得有点过，显得太多单薄，像个小年轻，跟之前官车稳重的形象形成较大的落差。
Guz877,37390,2444567,奥迪|奥迪A6L|2018款 35 TFSI 典藏版,5,5,4,北京,北京,2018-12,41.78,11.0,空间、动力、外观，空间非常大，本人180cm座子调的比较靠后，后排还是可以翘二郎腿毕竟3米的轴距摆在那。动力2.0T的街跑、高速都够用，超车推背感很强几乎用不到S档，稍微深踩些就有推背感，发动机换挡声音很好听。外观没得说，选这车的外观占主要毕竟买是灯送车的灯厂。。典藏版标配的S-Line套件显得更加运动些，总之360度不管哪个角度看都没有死角，越看越爱看。,发动机启停，启停，启停。这个配置很鸡肋，出小区过减速带深踩些油门车还没停稳发动机就熄火，堵车也一样，感觉很毁马达…还有40 的车360摄像头、无钥匙进入系统、电尾门都需要自己选装就过分了…
有1说一,35176,2195799,本田|奥德赛|2018款 2.4L 豪华版,5,4,5,辽宁,大连,2018-08,24.98,9.5,空间，油耗，外观！,动力稍差，配置太低！！！
__小生__,35176,2220858,本田|奥德赛|2018款 2.4L 豪华版,5,4,5,甘肃,兰州,2018-08,24.68,8.0,空间及其灵活性,隔音
kakakJ,35134,2342328,本田|奥德赛|2018款 2.4L 至尊版,4,3,4,河北,廊坊,2018-11,29,-1.0,空间够用，外观，,噪音真的是太大了，储物空间太少了，还有就是这个价位可以给个远程启动吧，CarPlay也没有，
荡漾的春心,35134,2295883,本田|奥德赛|2018款 2.4L 至尊版,5,3,3,河南,开封,2018-08,29,-1.0,乘坐空间,隔音，轻微异响
lixia0813,34614,2111712,大众|朗逸|2018款 1.5L 自动舒适版,5,3,4,湖南,娄底,2018-07,13.7,8.5,车子的操控性，相当不错。空间也大，外观，非常漂亮，很耐看。,要说最不满意的话，就是夜间倒车灯只有一个。还有就是车子的动力，偏弱，里面塑料感太强！没有倒车影视。
涡轮蒸鸭四点零,35177,2302527,本田|奥德赛|2018款 2.4L 智享版,5,5,5,北京,北京,2018-09,24.58,10.0,第二排空间，常规四座，早晨送孩子上学相当于移动的大床。,太噪，隔音。
小马静亭,34614,2134633,大众|朗逸|2018款 1.5L 自动舒适版,5,4,2,云南,曲靖,2018-07,13.5,7.2,最满意的就是外观跟空间吧,噪音有些大了，要得改进
花果山的老司机,34614,2155765,大众|朗逸|2018款 1.5L 自动舒适版,5,4,5,湖南,长沙,2018-07,13.29,7.5,空间，隔音。,暂时还没有。
ak6aer2j8,34614,2160184,大众|朗逸|2018款 1.5L 自动舒适版,5,4,5,江苏,苏州,2018-08,12.49,5.0,空间超大，油耗合理，新款造型时尚，动力也很足。,储物格设计的有点鸡肋，一般手机还真的放不下去，估计也就只能放个苹果5S了，对于现在的大屏幕手机来说基本没啥用。
有一个美丽的老女2018,34614,2164837,大众|朗逸|2018款 1.5L 自动舒适版,5,4,5,江苏,徐州,2018-07,13.88,7.0,外观好看，符合年轻人审美。,内饰塑料太多了吧，然后后座中央的突起太高了，影响乘坐体验。
afc36ab,34614,2172739,大众|朗逸|2018款 1.5L 自动舒适版,5,5,5,河北,廊坊,2018-08,12.99,6.5,外型漂亮颜值高，内部空间非常宽敞，后备箱很大，最新款式。,价位略高，目前没有不满意的地方
曦曦是好人啊,34614,2211333,大众|朗逸|2018款 1.5L 自动舒适版,5,4,5,湖南,株洲,2018-07,13.09,6.5,购车我比较注重整体的舒适性，个人觉得一辆车在驾驶过程中舒适性是最重要的，这个和价钱无关，如果达不到驾驶者的满意，即使购买了可能后期也不想开，因为车子使用年限都很长，那舒适性就更需要一个保障了。朗逸给我的总舒适度就很满意，一个是宽敞的空间，一个是仿皮座椅包裹性很强，整体驾驶过程的感觉都很满意。,车刚提，才开了600公里，暂时还没发现不满意的地方。
明天后天123,34614,2215527,大众|朗逸|2018款 1.5L 自动舒适版,5,5,4,山东,日照,2018-06,13.7,-1.0,我这车买的时候，经过多方打探，各种询问，最终选了他，家人都喜欢，空间大,引擎盖支架没有以前的上档次，不是一键启动
lijunfan123,34614,2219696,大众|朗逸|2018款 1.5L 自动舒适版,5,5,5,湖南,长沙,2018-09,12.79,6.0,外观好看，座椅舒适，隔音效果不错。,内饰多点软材料更有档次。
危多多,34614,2222375,大众|朗逸|2018款 1.5L 自动舒适版,5,5,4,重庆,重庆,2018-05,14.29,7.0,"舒适度，方向盘握感，合在一起的时候，开车感觉很舒服，不容易疲劳
led灯照出去很爽",不是带t的，动力稍微有点不足
木木九日汤圆鱼丸,34614,2222863,大众|朗逸|2018款 1.5L 自动舒适版,5,4,4,山东,济宁,2018-09,13.29,7.5,最满意的地方还是这款车的驾驶感不错，就是整体开着很好开，整车控制起来也是很轻松的，我是新手搭配自动挡来说真是太完美了。,后悬架是非独立的有点遗憾，其他都是满意的状态。
青春馆911,34614,2250382,大众|朗逸|2018款 1.5L 自动舒适版,5,5,5,广西,贵港,2018-08,13.49,8.0,最满意就是外观了，很喜欢PLUS的造型，买车前看论坛看照片对比真是看了一遍哟一遍,价格有点虚高，但是配置也丰富了
卞光周,34614,2257287,大众|朗逸|2018款 1.5L 自动舒适版,4,4,3,安徽,六安,2018-09,12.99,5.8,外形 大众的口碑 汽车保质,贷款还必须有稳定的工作
时间像把杀猪刀,34614,2258561,大众|朗逸|2018款 1.5L 自动舒适版,5,5,4,河北,廊坊,2018-09,11.99,7.4,颜值高内部空间大，后排座椅宽敞长时间坐车也不觉得累,目前还没有，不满意的地方
皮皮鲁启示录,34614,2260966,大众|朗逸|2018款 1.5L 自动舒适版,5,5,5,山东,滨州,2018-10,12.69,-1.0,最满意的就是它的油耗，很低，很不错！,最不满意的就是内饰过于简单化，没有时尚感。
飞扬聆听,34614,2292160,大众|朗逸|2018款 1.5L 自动舒适版,5,5,5,河北,石家庄,2018-08,12.2,7.0,空间，动力，外观时尚，省油，以及品牌,只有内饰
胡什么扯,34614,2306712,大众|朗逸|2018款 1.5L 自动舒适版,4,4,4,江苏,徐州,2018-11,12.29,-1.0,空间很好,后排有隆起，中间坐人不舒服
侢見青春1,34614,2312557,大众|朗逸|2018款 1.5L 自动舒适版,5,5,4,江苏,扬州,2018-11,12.75,10.0,轿车有轿车的好处，底盘虽然低点。但是开着很稳。外观时尚，车漆很厚实，老婆刚考了驾照，所以买个质量好点的，毕竟老婆也要开。,油耗不低，要10个油耗。还有内饰看着不高档，之前买的价位差不多的X7国产车，内饰看着档次都高一些，就是朗逸这个车内饰款式没能跟上潮流，要加强。
花红满楼,34614,2320496,大众|朗逸|2018款 1.5L 自动舒适版,5,4,5,江西,九江,2018-11,12.29,7.5,现在是看脸的时代，最让我满意的外在就是它外观的设计，感觉挺有大气范，开着也是挺敞亮有面子感。,当时新车的异味有一点，后来处理之后也就不怎么有味了。
刘深情,34614,2321045,大众|朗逸|2018款 1.5L 自动舒适版,5,5,4,江苏,淮安,2018-10,12,-1.0,外形好看，安全可靠，性价比比较高,动力稍微差一点，起步有点肉
yangdazhi,34614,2322499,大众|朗逸|2018款 1.5L 自动舒适版,4,4,4,山东,临沂,2018-06,13,6.0,空间不错，外形很漂亮,动力不是很足，但是家庭用够用
呦唏噶,34614,2117898,大众|朗逸|2018款 1.5L 自动舒适版,5,5,5,山西,大同,2018-07,12.99,8.5,空间，空间，空间，重要的事要说三遍，真的很大，我175，媳妇165，一家人坐在一起毫无压力,目前还没有，如果有，目前优惠不算特别大吧
我的天空752,35177,2198795,本田|奥德赛|2018款 2.4L 智享版,5,5,5,黑龙江,哈尔滨,2018-07,24,13.0,它的百变座椅真的舒服，虽然比gL8小但是空间一点不小，价格也非常有优势，关键是后期保养这快，买车也得好好想想后期的一些费用，买一款小毛病少的车也是很省心的，,就是悬挂有点硬
黄昏的心伤,35177,2174830,本田|奥德赛|2018款 2.4L 智享版,5,3,5,江苏,徐州,2018-08,26.1,8.1,最满意就是坐椅舒服和油耗。,车漆太薄，车皮太薄，底盘隔音太差，
ZeroHao69,35177,2256853,本田|奥德赛|2018款 2.4L 智享版,5,5,2,广东,深圳,2018-08,25.88,13.0,最满意的就是这台车的舒适性，还改良了个双天窗，让坐在后排的乘客赏心悦目,最不满意的就是中控屏幕，尺寸小，功能少
ao5h2pqj3,35177,2262647,本田|奥德赛|2018款 2.4L 智享版,5,5,5,北京,北京,2018-09,25.78,9.0,空间 操控,无
萝卜阿拉,35177,2381760,本田|奥德赛|2018款 2.4L 智享版,5,3,5,广东,广州,2019-01,26,8.8,舒适度，空间,油箱容积太小，感觉总是要加油
陳潇嚣,35177,2412332,本田|奥德赛|2018款 2.4L 智享版,4,5,5,山东,东营,2019-01,25.28,6.2,驾驶空间和乘坐空间大，省油，能装很多东西,车门和后备箱门都挺轻的需要使劲关，不然容易关不死。
Mr张紫琦,35177,2414608,本田|奥德赛|2018款 2.4L 智享版,4,3,5,陕西,西安,2018-12,25.48,9.0,油耗 空间,隔音 避震
买一台商务旅行全国,35177,2432400,本田|奥德赛|2018款 2.4L 智享版,4,3,4,河南,郑州,2018-09,26,10.0,首先最满意的肯定是空间，主要是第二排和第三排座椅舒适性好，为什么没说第一排舒服，我觉得前排座椅可以再加长一点，毕竟长途开车大腿还是需要更好的承托性。第二排在四座模式下几乎无敌，躺坐随心所欲。第三排的座椅的舒适性也不错，对比过其他mpv，空间不是最大但是最舒适的，唯一缺点就是横向空间有点挤，冬天穿棉袄坐三个成年人还是有压力的。,"后备箱空间太小，满载出门很担心行李太多，第三排收起来后备箱空间是很无敌，但是我还要坐人啊～
再有就是隔音真心差，时速一百以内隔音可以，超过一百就真心和十万的车差不多。另外1.8吨的车重也不知道重在什么地方了，自重大对加速和油耗也不友好。
另外我觉得mpv价格是真心高，奥德赛小三十，GL8小四十，贵士塞纳五六十，外观还跟大面包似的，路上开小奔驰宝马的不一定有钱，开塞纳埃尔法面包车的是真有钱～"
释然来也,35177,2189243,本田|奥德赛|2018款 2.4L 智享版,4,4,5,江苏,南京,2018-09,25.4,10.0,这个不用多说了，肯定是第二排座椅啊，舒服舒坦。还有就是销售员小吴同学服务很好，服务很到位，南京有要买车的可以找他。,后背箱啊，满座只能放下2到3个登机箱。
naixun,35177,2145967,本田|奥德赛|2018款 2.4L 智享版,5,5,4,广东,肇庆,2018-08,25.23,11.4,当然乘坐的舒适度，买这车就为这个用法,真本田，隔音真的不太好，硬塑料比较多甘觉比较平价。
不结巴,35177,2190094,本田|奥德赛|2018款 2.4L 智享版,3,5,5,北京,北京,2018-08,26,-1.0,空间！尤其是4座模式,其实其他方面还可以，包括所谓的噪音！只是油箱偏小！加满一箱油才300元！才300元
水钢琴第一帅,35177,2208097,本田|奥德赛|2018款 2.4L 智享版,5,3,5,北京,北京,2018-09,25.48,9.0,空间可以，座椅很舒服！我这个价格纯裸车，税好像是21000多，上牌190，保险5000多，如果在4s店上应该是11000多起步，,日本车的通病这车都有 开门的时候不小心碰到了台阶 直接把漆磕没了。都说本田是买车送车壳，这次深深的领悟到了！原车的灯！原车的灯！还不如家里之前的09的rav4亮，晚上在高速上只能跟着前车跑，原车灯太差了！不是一般的差！晚上下雨的时候跑国道我根本不敢超60迈，高速上也不敢超90，平时开别的车两个小时的高速，这个我用了三个小时……
佛爷奶,35177,2257788,本田|奥德赛|2018款 2.4L 智享版,5,5,5,广东,珠海,2018-08,25.88,10.8,油耗方面，百公里10.6的样子可以接受，因为上一台车是2016款夏朗，做对比，夏朗是好车方方面面的好，但是换奥德赛因为车内空间大，省油，外观前卫，一次买了两辆！双边电动门！没有异响！,1.关车门，要大力关车门才可以关紧，要不关不上。2.没有电动尾门，比较失望，关上费力。3.最为严重的隔音诟病其实已经得到了2018款前面的改进，改进了很多，但是还是希望再好一些！3雷达系统不如大众奥迪宝马的车准和机警，每次快撞到才有反应！4.汽车系统已经很好用，但是还是希望改成苹果系统carplay好用！5发动机仓下面没有护板？？？？为什么？打开机舱，直接看到地面！？6.近光灯都是Led（高配）可是远光灯为什么是卤素灯？
az3ejc5a4,35177,2311557,本田|奥德赛|2018款 2.4L 智享版,5,5,4,广东,广州,2018-11,24.78,13.0,最满意的就是空间了，座椅舒适性，还有18款的雾灯设计～音响的音质之前看论坛和评论一直说奥德赛的音质比较差就是听个响，本人是音乐发烧友，车还没提就交了钱去改音响，回来提了车回来，发现并没有那么差，还不错，就把改音响的钱退了。开车时比较嘈杂，音响音质真的够用了，就算搞个发烧级别，那么吵估计也是浪费。,最不满意底盘确实会硬一些。走铺装路面非常舒适。
40407_1,35177,2415179,本田|奥德赛|2018款 2.4L 智享版,5,5,5,四川,成都,2019-01,24.6,9.6,"最满意的地方是灵活的座椅布局，超级vip4座模式，以及无敌的空间 2,4的排量能做到9,6的油耗很惊喜意外",最不满意的地方胎噪大不说，原车的倒车影像和360影像摄像头就tmd和汽配城几十块配的成像效果差不多，新车味道较大
sheep173,35177,2286365,本田|奥德赛|2018款 2.4L 智享版,3,5,3,北京,北京,2018-09,25.38,9.9,空间大，因为是家里第二辆7座车，所以车内空间是重点考察项目，尤其是第三排的乘坐空间，不仅大，而且靠背角度可以调，坐时间长了也不会不舒服。,车内一些看不到的地方还有挺粗糙的，得说日系车企真的是会做生意，看得见的地方都及格，看不见的地方就有一些惨不忍睹。
小欣和芊芊和妧妧,35177,2395556,本田|奥德赛|2018款 2.4L 智享版,5,5,4,河南,郑州,2018-12,24.78,-1.0,动力顺滑，上车方便，乘坐空间够大舒适，配置实用，外观漂亮,自动驻车每次手动开启，隔音较差，底盘不够紧实
WookWook,35177,2356875,本田|奥德赛|2018款 2.4L 智享版,5,3,5,广东,深圳,2018-09,25.8,10.8,空间大，现在基本都是四座模式，空间无敌，家里人直接车上就给孩子换尿不湿了，外观年轻，省油！,1：隔音真垃圾，时速60就吵得不行；2：车漆薄如纸，轻轻剐蹭直接见底漆；3：内饰廉价，塑料件卡位不准，缝隙大；4：新车气味大，现在都每天白天都开窗通风；5：异响多，就是那种很细微的“嗞嗞嗞”声，开久了烦心。
琪珊组合,35177,2397727,本田|奥德赛|2018款 2.4L 智享版,4,4,5,山东,青岛,2018-12,25.08,10.0,空间很敞亮，能想到的“体位”基本都能实现，别想多了哈。外观家人都觉得好看，挺大气，18款轮毂确实很上档次。油耗目前10个左右，最低8.5（不堵车平路匀速60）,倒车无力，倒个马路牙子都上不去，需要油门加大缓冲上去。轮毂隔音不理想，小石子打到轮内护板没有高级车的闷声，像打在铁皮上。后备箱打开第三排就很有限了。再说个小小的不满意就是远光，首先灯光高度很低，照不远，第二确实太不亮了。后期有银子再折腾吧。
moses8213,35177,2402716,本田|奥德赛|2018款 2.4L 智享版,5,4,5,湖北,武汉,2019-01,24.68,11.8,空间,停车不方便
赛神仙jmx,35178,2264419,本田|奥德赛|2018款 2.4L 尊享版,5,4,4,山东,淄博,2018-08,26.7,9.5,较低的地板，老人孩子上下车比较安全，空间比较大，日系省心小毛病少,车漆较薄，这个价位隔音差点，门框还是焊接的
不是尚尚,35178,2241447,本田|奥德赛|2018款 2.4L 尊享版,5,4,4,广东,湛江,2018-09,27.48,10.5,首先是奥德赛的空间布局，太完美，小孩做第二排一个安全座椅，阿姨在旁边照顾，老婆坐副驾，其他家人坐在第三排，当然多数时间都是大四座模式，还有就是油耗，这么重这么大一台车，平均油耗才10，可能首保之后还会下降,新车气味有点大，提车到现在差不多一个月了，还是有味，隔音还可以接受，就是音响太差，在车上只能听音频节目，不敢听歌??
驹桥,35176,2399629,本田|奥德赛|2018款 2.4L 豪华版,5,5,5,山西,太原,2018-12,22.68,8.2,1手感还是很不错，有开小车的感觉，操控嘛本人也算老驾驶员了只能说容易上手，在mpv里面很是看好；2油耗不错后面会上图片综合油耗8.2，市里面不谈油耗路况不一样，就是1.2的排量也能上10多个；3空间我觉得老驾驶员肯定都爱；4座椅大爱舒服，5还有二排双电动侧滑门。,隔音差了点还能接受，最讨厌走有石子的路面了，石子弹起来给敲锣是的，还是铁皮锣，没有一点高级感觉，如果是坐在后面睡觉还以为是10多万的车车；灯光只有后期加装了；城市开没问题，高速路、省道路老家的上路真不太适合奥德赛了，说的漏风我也中招了不刻意感受到没事小风、小风，显示屏幕小了点，功能也少了点，讨厌的什么手机互联映射就是没说明，问了客服说安卓系统只是Htc手机能支持。
申城的浪子,35176,2204487,本田|奥德赛|2018款 2.4L 豪华版,4,5,5,上海,上海,2018-08,23.48,9.7,空间，油耗。\n整车比我上一款车发现神行长了30厘米，但是却可以三排坐六个人毫无压力，原来的侧方停车位照样可以停车。其主要是牺牲了车头的长度，个人还是比较喜欢的，车头短转弯更好转。\n油耗就不多说了，日系车的优势，但是这么大的一个车仅10个油不到还是给人非常大的惊喜的。,隔音\n论坛里一直说它隔音效果不好，之前是半信半疑，因为有打专车打到过奥德赛觉得还好，现在使用下来后可以体会到应该是专车没有上速度的缘故，基本高速上行驶和开着窗的隔音效果差不多。
蔚檬,37389,2442083,奥迪|奥迪A6L|2018款 TFSI 典藏版,5,4,5,江苏,无锡,2019-01,30.8,8.2,外观时尚耐看，个人感觉这款车是A6L最耐看的一款，比最新款还好看，灯厂的确名不虚传。空间大，后排葛优躺没问题。,后排凸起太高，座椅皮质太硬，包裹性太差和雷克萨斯座椅的舒适性没法比。储物空间太少，手机都没地方放，只能放在杯架中。
as2zsy57j,34614,2327722,大众|朗逸|2018款 1.5L 自动舒适版,5,5,4,山东,济南,2018-11,12.59,8.0,空间还有外观，配置挺高的。,悬架偏硬点
LIYANGZC,34614,2322533,大众|朗逸|2018款 1.5L 自动舒适版,5,5,5,山东,济南,2018-11,12.39,7.0,1：油耗比较低?2：外观比较好看3：比较时尚4：空间适中,后悬架有点硬，后面地台凸起有点高
Lj56789,34614,2341522,大众|朗逸|2018款 1.5L 自动舒适版,4,3,3,贵州,贵阳,2018-10,13.12,5.6,车子空间大，外观帅气，底盘高，大灯非常亮。,出库开车时座位下面有点响声，倒车入库时也有点响声，去4S店检查说是正常的，但是行车过程中这种响声还没发现，不知车友们有这种感觉没有，可能我是新手的原因吧！
春天的苗,34614,2344329,大众|朗逸|2018款 1.5L 自动舒适版,5,5,4,湖南,邵阳,2018-12,13,-1.0,空间大，配置合适，性价比高,暂时没发现，不然也不会选择他了，嘿嘿
纸短情长啊啊啊,34614,2118134,大众|朗逸|2018款 1.5L 自动舒适版,5,5,4,湖南,怀化,2018-07,13.69,9.8,最满意的是车子的颜值和空间,暂时没有
萌城男神,34614,2120962,大众|朗逸|2018款 1.5L 自动舒适版,5,5,4,山东,济宁,2018-06,14.5,7.5,外形好看大气，空间大，性价比高。,车内有异味，不知道是座椅还是内饰有味，估计是新车缘故。。。
Freedamn,34614,2122171,大众|朗逸|2018款 1.5L 自动舒适版,5,4,5,安徽,黄山,2018-06,13.6,7.5,性价比高，外观大气,胎噪比较大
明哥先生,34614,2147200,大众|朗逸|2018款 1.5L 自动舒适版,5,4,4,山西,阳泉,2018-07,12.79,10.0,外观，LED灯,硬塑料，减配，动力弱，还有一个问题转速有的时候轻轻一踩会上3000。。前大灯里有雾气，价格太高，别看裸车，得看落地
ae9j2fwz7,34614,2249656,大众|朗逸|2018款 1.5L 自动舒适版,5,4,4,山东,日照,2018-07,14.9,8.0,外观漂亮，后备箱空间大，后排座椅宽敞，其他还有一些小细节吧,油耗是8个油吧，我感觉是高了，但是我朋友说还可以吧，毕竟这么大的车
李卡特教练聚一聚,34614,2243691,大众|朗逸|2018款 1.5L 自动舒适版,5,4,4,湖南,益阳,2018-10,13,5.5,很喜欢大众的外观，精致简单,仪表台不开大灯就不亮，有一个自动刹车功能，也很不好用，离很远就刹车，有一个自动熄火的功能，也不好用
马美鹏666,34614,2254409,大众|朗逸|2018款 1.5L 自动舒适版,5,5,5,山西,太原,2018-10,12,7.0,我这次选车动力上一定要好才行，1.5动力搭配6速变速箱也算完美组合了，而且这个组合给我感觉就各种踏实，有了这些自己再拿英朗对比最后还去选择了朗逸，其实两车各有各好处，只能说自己比较喜欢朗逸一些吧，配置上肯定配，也完全符合自己预算，就这样我选车路终于被朗逸终止了，最后选来选去还选择了自己比较满意车型——朗逸Plus！！！,没有前雷达！一键启动
童帅哥,34614,2254423,大众|朗逸|2018款 1.5L 自动舒适版,5,4,4,湖北,黄冈,2018-10,12.99,8.0,最满意的地方就是大灯，很漂亮，但是自己开车看不到！,动力，动力，最想吐槽的地方，感觉好肉，不能急加油门，加了也只能听到发动机的声音，速度提不起来！慢慢加油就感觉还好！
哼哼最馋小龙虾,34614,2257056,大众|朗逸|2018款 1.5L 自动舒适版,5,4,5,浙江,绍兴,2018-10,14,8.0,整体无缺陷，没毛病，没有优点，也没有缺点，百搭的车,动力有点点肉，代步可以，跑高速有点吃力
aw2eqa38p,34614,2258973,大众|朗逸|2018款 1.5L 自动舒适版,5,4,4,上海,上海,2018-10,12.87,7.5,最满意的是外观，很漂亮。油耗也低，驾驶起来很灵活,最不满意的地方就是起步比较慢，可能就开过别人的好车。哈哈哈哈 毕竟自己能力有限…
最初的梦想111111,34614,2345899,大众|朗逸|2018款 1.5L 自动舒适版,5,4,4,山西,临汾,2018-11,12,-1.0,外观时尚，符合年轻人气质，电子手刹，自动驻车方便实用,起步加速有点慢
梅香含雪,34614,2361284,大众|朗逸|2018款 1.5L 自动舒适版,5,4,5,山东,济南,2018-08,12.68,7.0,一是外观大气，尤其是led大灯，太漂亮了。其次是三大件成熟可靠，开着放心。,中控屏太小，天窗太小，换挡偶尔会顿挫下。
沈骏午,34614,2362850,大众|朗逸|2018款 1.5L 自动舒适版,5,4,4,安徽,铜陵,2018-11,12.9,6.9,油耗低 外观大气 空间大 LED大灯,1.5L动力略显不足 内饰塑料感比较强
aa2b4rfee,34614,2365465,大众|朗逸|2018款 1.5L 自动舒适版,5,5,4,江苏,南通,2018-12,12.29,7.0,最满意的就是外观比较时尚，对得起A级之王的称号，大灯LED的很亮,不满意的就是悬挂，比较硬，后排中间突起严重，中间的人坐起来不舒服
ap5sfd,34614,2420340,大众|朗逸|2018款 1.5L 自动舒适版,5,4,3,陕西,西安,2018-12,11.89,7.1,外观，内饰，配置满分。**挺高，,没有倒车影像，动力略弱，噪音有些大，目前油耗高
awx和良天下,34614,2419875,大众|朗逸|2018款 1.5L 自动舒适版,5,5,5,江西,上饶,2019-01,12.19,6.3,行驶平稳，开车时很安静，没有噪音，油耗也很低，不到5毛的油耗,动力是1.5L的，还是觉得提速有点不够
ahj3e5rgy,34614,2428507,大众|朗逸|2018款 1.5L 自动舒适版,5,5,4,河南,郑州,2019-01,11.8,8.2,性价比高，空间很舒适，LED大灯，电子手刹等各方面都很满意,没有定速巡航，老是感觉开起来主驾驶门有点跑风。
za51tr3g,34614,2432889,大众|朗逸|2018款 1.5L 自动舒适版,4,4,4,安徽,合肥,2018-08,12.29,7.5,车子的空间最满意，后排已经成为小家伙的私家花园了！各种玩具都堆满了！,中间的屏幕有点小，如果可以再一些就好了，但是清晰度真的很棒，晚上倒车很方便。
小阿牛yes,34614,2433053,大众|朗逸|2018款 1.5L 自动舒适版,4,5,2,安徽,安庆,2019-01,11.99,9.3,外观：同等价位，外观没得挑，时尚中带着稳重大气。舒适度：比较舒适，地盘扎实，路面细小震动过滤的好。,动力：1.5L红绿灯起步较慢，跑起来一样快。功能：自动启停功能产生不好用，建议关掉。
朗逸2018款自舒,34614,2436544,大众|朗逸|2018款 1.5L 自动舒适版,4,3,3,福建,福州,2018-09,12.5,5.5,车间行驶稳定 颜值高 空间大,用车一万五千公里 发现的问题有 1.冷车怠速抖动 2.行驶中门板异响几乎这款每台车都会3.行驶一小时后空挡踩油门到2千多转发动机有嘎嘎嘎异响4.怠速有咕噜咕噜声 从正时皮带里面发出5.发动机鸡爪现在已经有明显折痕估计撑不了多久就会坏了6.刹车异响
af2y4drm7,34614,2437491,大众|朗逸|2018款 1.5L 自动舒适版,4,5,4,四川,成都,2019-01,11.8,7.0,价格满意，车型大气，内饰也OK，空间无敌。个人觉得在密封与降噪方面处理的也挺好的。,动力真的吃紧，后屁股太丑。
9760ZBF,34614,2098161,大众|朗逸|2018款 1.5L 自动舒适版,5,4,4,湖南,长沙,2018-06,14.29,10.2,外形,动力想要那种很有运动加速驾驶的感觉就显的有些疲软了！可以买1.4T！不过1.4T高配价格觉得有些过分
雨好大还,34614,2117607,大众|朗逸|2018款 1.5L 自动舒适版,5,4,4,江苏,苏州,2018-06,13.89,7.5,车子操控感挺好。140方向盘很稳，外观很好看，自动驻车。很好用,动力比较肉，s档有点不愿意升档的感觉。方向盘不是真皮，没有倒车影像
大伟坚强伟大,34614,2128377,大众|朗逸|2018款 1.5L 自动舒适版,5,5,5,浙江,温州,2018-06,14,7.4,空间和外观是我对这两车最最最满意的点，相比老款能明显感受到空间的增大，不管是前排后排还是后备箱都大了不少。驾乘的舒适性都非常的不错行驶平稳有种高档车的感觉。,1.5L发动机动力还是有点不行，瞬间加速体验并不是很好有点心有余而力不足的感觉不过平稳加速还是很舒服的车身平稳速度也能起的来，就是缺少爆发力适合家用。
小草莹莹,34614,2142550,大众|朗逸|2018款 1.5L 自动舒适版,5,4,5,湖北,黄石,2018-07,13.79,7.0,18款朗逸最让人心动的是全新的外观和加大的空间尺寸，全新外观和造型LED大灯、尾灯，最新的MQB平台，并且全新的发动机燃油性机型表现比较出色！,1.5自动起步依然很肉，配置虽然提升，但是定价还是偏高，仪表台、门板依然采用硬塑料的材质，有点遗憾！
牛肉拉面wz,34614,2142881,大众|朗逸|2018款 1.5L 自动舒适版,5,5,5,陕西,西安,2018-08,12.99,-1.0,最满意外观,无
Tailor_,34614,2195887,大众|朗逸|2018款 1.5L 自动舒适版,5,4,5,北京,北京,2018-09,12.59,6.5,价格满意，车型大气，内饰也OK，空间无敌。强烈推荐金色，见过真车的人，没有说不好看的。对了，在密封与降噪方面处理的也挺好。100左右基本没有什么风噪胎噪的，到了120声音也可以接受。这个价位，这个配置，还有信仰大众，可以了。往后就看后期使用情况了。,1.5L的当然就是动力缺陷咯，不过够用吧，起步慢悠悠的小乌龟。音响对于这个价位也不能要求太高了。。。也就是能听个歌，享受就谈不上了。回来自己慢慢加配吧。减震方面，小坑处理的挺好，但是高一些的减速带，就能感觉出来硬邦邦了。不过都不是什么大问题。都是价位导致的毛病。毕竟是款A 车。还是媲美不了商务的B级，代步够用了。
西安瑞驰达,34614,2208636,大众|朗逸|2018款 1.5L 自动舒适版,5,4,5,陕西,西安,2018-09,12.99,6.5,最喜欢就是外观还有配置了，在就是这个标了,噪音比较大，仪表盘的背光不能调，硬塑料材质太多，好歹给换个搪塑的，还有主驾驶，没有化妆镜，后排靠背比较立，内饰异响，新车都响，无语了
Jinanxiaoyang,34614,2216089,大众|朗逸|2018款 1.5L 自动舒适版,5,4,5,山东,济南,2018-09,12.5,8.0,外观好看回头率高。,内饰塑料材质部分硬塑料要是做工再精细点就完美了。
戴一才,34614,2218802,大众|朗逸|2018款 1.5L 自动舒适版,5,4,4,广东,惠州,2018-08,13.29,7.6,最好莫过于全新朗逸的大空间了，因为我是从微型车转身A级车型的，所以对这个空间真是太满意了，不挤不吵很安逸。,不满意的地方就是感觉这个价位的车了应该给个后独立悬架，但是全新朗逸没有是个遗憾吧，其他地方来说都是完美的。
称霸武玲,34614,2222201,大众|朗逸|2018款 1.5L 自动舒适版,5,5,5,广东,佛山,2018-09,13.29,-1.0,起步不错，方向盘轻。车很智能哦?就算挂D挡开车门，车会自动电子刹。空调也比较凉，座位也可以调，后视镜有调，也有加热。,暂时没发现不满意，只能说自己新手第一台车要求低点。
闪闪非扬,34614,2244801,大众|朗逸|2018款 1.5L 自动舒适版,4,3,3,重庆,重庆,2018-08,13.09,6.7,操控好 油耗高比较适中,动力就那样 一买菜车 转弯的时候感觉有点飘 不知道是轮胎抓地力不足 还是和整车减重有关
wangru999,34614,2283169,大众|朗逸|2018款 1.5L 自动舒适版,5,5,4,山东,菏泽,2018-08,13.5,7.4,外观和空间看着大气，LED大灯高大上，第一辆车完美,起步稍微肉点，噪音有点大，内饰塑料感比较强，后期装扮一下就完美了
Qwerdsaxz1,34614,2293731,大众|朗逸|2018款 1.5L 自动舒适版,5,4,5,江苏,宿迁,2018-11,12.29,6.5,油耗低 外观好看 空间大,1.5l动力略微不足
漫步人生QIANG,34614,2367375,大众|朗逸|2018款 1.5L 自动舒适版,5,5,5,河北,石家庄,2018-10,10.9,7.4,颜值高，空间大，主要是后备箱大，还有自动刹车功能,目前没发现要不满意的，不是一键启动的算不算不满意的地方
彩峰快印醚,34614,2368129,大众|朗逸|2018款 1.5L 自动舒适版,4,4,4,江苏,南京,2018-10,12.89,6.8,最满意朗逸改款后的外观和LED大灯,最不满意的是动力，想不通为什么要把1.6改成1.5。
akk8a2d4r,34614,2369308,大众|朗逸|2018款 1.5L 自动舒适版,5,4,4,上海,上海,2018-08,14.29,-1.0,前脸设计很帅气，之前老款完全不同，层次感比较好，辨识度也很高,力有点不怎么样，毕竟价格排量在那里放着，总体来说还好吧，家用足够啦
agt65hkwo,34614,2371546,大众|朗逸|2018款 1.5L 自动舒适版,5,4,4,湖北,黄冈,2018-12,12.59,7.6,刚提车不久就没有很多发现，就觉得电子手刹，很实用！,最不满意就是配置低了一些，好多实用的配置没有，起码给配个倒车影像吧！
kangkang990603,34614,2372735,大众|朗逸|2018款 1.5L 自动舒适版,4,4,5,河南,郑州,2018-12,12.68,6.2,稳重,最不满意的就是动力吧，开到60在提速就要使劲踩油门。使劲踩油门，噪音就有点大了。
afp6e4nbz,34614,2377786,大众|朗逸|2018款 1.5L 自动舒适版,5,5,4,安徽,安庆,2018-11,12.2,8.0,最满意朗逸Plus的空间真的是很大，可以放很多东西，坐五个人都不觉得拥挤，前排空间很宽敞，由于我是女生，座椅要往前拉一点，后排空间就更大了，4s店服务态度也很好，很满意的一次购车过程。,动力不是太足，有时候超车感觉有难度
什么样的yonghum,34614,2379482,大众|朗逸|2018款 1.5L 自动舒适版,5,5,4,山东,淄博,2018-12,11.2,8.5,外观吧，本来谈下来速腾了，见了一眼朗逸p就喜欢上了,目前未发现，动力有点肉，60左右给油感觉有虚位
i3alc6zy,34614,2382184,大众|朗逸|2018款 1.5L 自动舒适版,5,4,5,天津,天津,2018-12,13.08,7.0,地盘扎实 省油耐用,起步肉 发动机启停每次都得手动关 高速左前轮附近有异响
新鲜一小时乜,34614,2383496,大众|朗逸|2018款 1.5L 自动舒适版,5,4,5,山东,济南,2018-12,12.69,7.5,外观好看，很时尚。后排空间不错,内饰很普通，中控台塑料明显。
aex84wgy5,34614,2396530,大众|朗逸|2018款 1.5L 自动舒适版,5,4,3,贵州,黔西南,2018-11,12.9,7.0,外欢大气漂亮我喜欢中控可以接受,有点小异响，后面中间高，没有倒车影像，
桃花仙人2019,34614,2397982,大众|朗逸|2018款 1.5L 自动舒适版,5,5,5,河南,商丘,2018-12,12,9.2,最满意的就是颜值，非常的漂亮，车比较沉重，感觉很厚实，我妈和我媳妇都说比我之前的比亚迪沉重的多，感觉非常稳.,动力确实有点肉，冬天停了一夜，冷车启动的时候发动机噪音非常大，不过水温上来后很快就好了
最美伊人,34614,2401470,大众|朗逸|2018款 1.5L 自动舒适版,5,4,5,山东,济南,2018-10,12.79,6.5,外形漂亮，大众车修车方便，保值率高。,1.5L自然吸气真是够够的了，加速慢，起步肉。
ar5f4hkj6,34614,2405465,大众|朗逸|2018款 1.5L 自动舒适版,5,4,5,四川,成都,2019-01,12.09,9.0,发动机三大件,点烟器都是假的，舒适版12万了还没有倒车影像，大屏才用6.5的太抠，后备箱顶垫都取了，是想我们看骨架美吗?真皮方向盘真的需要很多钱吗？
那年初二,34614,2406272,大众|朗逸|2018款 1.5L 自动舒适版,5,3,3,四川,乐山,2018-12,11.79,6.5,貌美，肤白，空间大,我是新手，也是第一台车，第一次开自动挡车，别人说的最多的问题就是肉，其实看你什么心态，用途是什么，你开车送孩子难道飙车去吗，1.5对于我暂时够用，当我成了老司机，技术好到这车无法满足的时候再换吧。
小螃蟹望,34614,2411748,大众|朗逸|2018款 1.5L 自动舒适版,5,4,5,江苏,无锡,2019-01,12.29,-1.0,油耗低。外观帅气开出去有面子。,中控台还是是塑料得，看上去没有很贵重的样子。
aj8gyd9x3,34614,2415501,大众|朗逸|2018款 1.5L 自动舒适版,5,4,5,山东,济南,2019-01,11.5,6.0,1.外观，外观，外观！多余的不说了，简约不简单！2.油耗！刚提新车，磨合期时速保持在60-80迈，平均6个油，比较满意。3.座椅舒适，虽然不是真皮，但做起来没有异物感，包裹性不错??,就说一点吧，本人临时停车有个坏习惯，先挂P档再拉手刹，结果由于车具备发动机启停，所以挂了P档，车子就熄火了，再启动就得拔掉钥匙重新插入点火。这可能只是操作问题，以后要适应。
恩熙佛子,34614,2279314,大众|朗逸|2018款 1.5L 自动舒适版,5,4,5,广东,东莞,2018-10,13.09,-1.0,空间不错，隔音还可以,动力不够，皮软
asa2n5g4c,34614,2284170,大众|朗逸|2018款 1.5L 自动舒适版,5,3,5,辽宁,沈阳,2018-10,12.29,7.5,外形很漂亮，空间很大，而且非常的省油。,内饰太简洁，中控台都是塑料的，看上去不贵重。开车时候噪音有点大。
左岸右转xzg,34614,2289535,大众|朗逸|2018款 1.5L 自动舒适版,5,5,5,安徽,宿州,2018-10,12.49,5.6,外观漂亮，操控好，高速车身稳，油耗低，目前6个左右。,内饰配置太低，塑料感太强烈！
爱情天堂社湃,34614,2290068,大众|朗逸|2018款 1.5L 自动舒适版,5,4,4,江苏,南京,2018-10,13.89,6.4,没有什么最满意的，要说比较满意的是终于换了个脸了。,车子是比以前好看了，但是价格也高了。优惠太少，不满意
紫衫冰眸,34614,2290475,大众|朗逸|2018款 1.5L 自动舒适版,5,4,5,山东,济南,2018-08,12.69,6.8,配置高，LED大灯、坡道起步、自动刹车、胎压监测都有，感觉性价比很高，还是合资德国车，感觉买值了。,1.5L起步比较肉，想超车的时候感觉油门快踩到底了，车还是慢悠悠的，不知道带涡轮增压的会不会好一点。
ab5l3yms2,34614,2290885,大众|朗逸|2018款 1.5L 自动舒适版,5,4,5,山东,济南,2018-10,12.59,7.0,最满意的是外观好看，空间也很宽敞，挺省油的。,内饰太简单，悬架偏硬。
买1好车,34614,2294618,大众|朗逸|2018款 1.5L 自动舒适版,2,4,4,山西,太原,2018-11,11.9,7.5,外观，地盘，操控,没倒车影像，价格略高，自己去花钱加了个倒车影像，谁知把我的面板给我划了道子，结果我某宝买的什么去划痕的，把漆擦没了一小块，后悔啊，强迫症。一个倒车影像成本能有多钱，害的把车搞坏了。
6687347,34614,2294909,大众|朗逸|2018款 1.5L 自动舒适版,5,5,4,湖北,武汉,2018-10,13,6.5,最满意的当然是外观和空间啦。自认为18款的朗逸比之前几个版本的朗逸要好看的多，更加的长夜更加的有气质了。后排空间大了很多。,悬挂悬挂悬挂，重要的事说三遍！居然不是独立悬挂，过减速带的时候震感真的很不舒服！
ade58yzn7,34614,2295617,大众|朗逸|2018款 1.5L 自动舒适版,5,4,4,安徽,铜陵,2018-10,13.4,7.1,外观。特别满意外观这次的设计，像B级车一样，开出去特有面子。,内饰里面塑料的感觉吧，有点降档次了。
惜雪载霞p,34614,2300352,大众|朗逸|2018款 1.5L 自动舒适版,5,5,4,浙江,嘉兴,2018-11,12,8.0,内部空间很大，坐着很舒服，外观属于耐看型看不厌,起步有的肉1.5的动力感觉一般对于注重驾驶动力的朋友不推荐
一个灯泡影,34614,2307292,大众|朗逸|2018款 1.5L 自动舒适版,5,5,4,海南,海口,2018-11,14.29,7.9,外观，油耗,非要说也只能说内饰比较简单
acc6o5,34614,2312661,大众|朗逸|2018款 1.5L 自动舒适版,5,5,4,江苏,苏州,2018-11,12,0.0,比较喜欢它的外观，要比以前的外观要大时尚,大众的前脸吧，家族套娃脸都这样没办法
Agoni8886,34614,2318931,大众|朗逸|2018款 1.5L 自动舒适版,5,3,4,江苏,苏州,2018-11,12,8.8,就那么回事,启停，加速30-60无力必须深踩油门才有反应。
azj35n,34614,2331318,大众|朗逸|2018款 1.5L 自动舒适版,5,3,4,湖北,武汉,2018-12,12.5,10.0,外观*丰富的配置，得益于MQB平台,油耗10??左右，全市区，平均20迈
小啊成123,34614,2163110,大众|朗逸|2018款 1.5L 自动舒适版,5,4,5,湖南,邵阳,2018-08,12.99,11.2,外观帅气，车身稳定性好，同价位安全性最高,油耗高
爱车车啦520,34614,2169147,大众|朗逸|2018款 1.5L 自动舒适版,4,4,5,江西,南昌,2018-08,13.09,6.7,新款的，新造型,略贵，动力一般
莽夫杀手,34614,2175504,大众|朗逸|2018款 1.5L 自动舒适版,5,5,5,陕西,西安,2018-08,12.78,8.0,空间大、配置够用、油耗能够接受,没有什么不满意的地方
毅欧巴,34614,2194088,大众|朗逸|2018款 1.5L 自动舒适版,4,4,5,辽宁,大连,2018-09,13,7.1,最满意的就是外观了，,上坡的时候顿挫感有点特别明显，起步肉，够用了
心爷小仙女,34614,2196145,大众|朗逸|2018款 1.5L 自动舒适版,5,4,5,江苏,宿迁,2018-07,13.09,5.6,空间大，整车人性化设计比较好！舒适感很好！油耗低！车辆使用很方便！外形大气稳重！完全不输B级车的感觉！,起步肉！噪音大！
余小二二二,34614,2207635,大众|朗逸|2018款 1.5L 自动舒适版,5,4,5,安徽,黄山,2018-05,13.69,7.5,前脸，一定是前脸了，大气,1.5的动力，好像是新的发动机，好像有点动力跟不上，不知道是不是我没有磨合好，反正动力好像有点差
秋枫叶已落,34614,2209511,大众|朗逸|2018款 1.5L 自动舒适版,5,3,4,云南,文山,2018-08,13.69,-1.0,最喜欢就是外观,用车才一月不到，还没有不满意呢
陈林爱人马紫菊,34614,2212740,大众|朗逸|2018款 1.5L 自动舒适版,4,4,4,江苏,无锡,2018-09,12.74,-1.0,气质的方向盘手感不错，后备箱也挺大。,起步肉，感觉慢了半拍的感觉。
一个不抽烟的孩子,34614,2212952,大众|朗逸|2018款 1.5L 自动舒适版,5,5,5,广西,钦州,2018-09,13.29,8.0,空间够用…油耗也友好,塑料味道有点大
常回家看看5,34614,2214904,大众|朗逸|2018款 1.5L 自动舒适版,5,4,4,山西,太原,2018-08,12.69,-1.0,电子手刹配自动驻车在崎岖的山路上特别好用,配个倒车影像就完美了
MCGjw,34614,2214984,大众|朗逸|2018款 1.5L 自动舒适版,5,4,5,湖北,武汉,2018-08,12.99,8.7,对于颜值控的我来说，外观真的好美，最喜欢的LED大灯很不错。,后排凸出有点高，后排做3个成年人很不舒服
株式会社计,34614,2223856,大众|朗逸|2018款 1.5L 自动舒适版,5,4,4,江苏,苏州,2018-09,12.69,1.0,首先肯定是空间啊，还有性价比 外观上有小帕萨特之称性价比那么高 肯定得拿下,没啥不满意的 都很满意 不满意怎么可能买啊 你们说是不是
jixiang12315,34614,2224587,大众|朗逸|2018款 1.5L 自动舒适版,5,4,5,上海,上海,2018-09,12.79,6.5,好看 油耗低,我买的是裸车，什么都不送，然后的话我还要跑很多上牌保险乱七八糟，东西实际上是便宜了，但是不如去四s店省心，省这2000块钱不合算
楠小西l,34614,2224943,大众|朗逸|2018款 1.5L 自动舒适版,5,4,4,河南,濮阳,2018-09,12.8,8.0,外观，内饰，座椅，各方面都还行,后排地摊的凸起，后排没有中央扶手，中控台杯架有点不是很喜欢，好多也是嘎嘣脆的硬塑料。
情牵驿站,34614,2229567,大众|朗逸|2018款 1.5L 自动舒适版,5,4,5,山东,枣庄,2018-06,14,8.5,车的外形非常漂亮。后排空间也挺好的，适合一家人出游，特别是前脸很大气，油耗也很满意。,内饰还是大众的风格比较呆板，没有什么设计感，希望大众能有新的设计理念，特别是在内饰上，再说到动力，可能排练比较小，上坡满载的情况下比较吃力
binfeng1982,34614,2234903,大众|朗逸|2018款 1.5L 自动舒适版,5,4,4,浙江,金华,2018-09,11.99,8.0,车身修长，外观大气漂亮又不失沉稳，内部空间没话说，后备箱空间也蛮大的！油耗尚可！,起步的确有点使不上劲，当然会选择1.5就不能抱怨了！适合家用！定位很准确！
pp123456q,34614,2373862,大众|朗逸|2018款 1.5L 自动舒适版,5,4,5,湖南,长沙,2018-08,14,-1.0,最满意的的外观加空间。大灯很美丽,最不满意的就是太硬了。后排座椅中间突出的位子不好做坐
ai5bla7r8,34614,2375361,大众|朗逸|2018款 1.5L 自动舒适版,5,4,4,湖南,株洲,2018-12,12.3,6.5,对这款车使用才一个月，对于很多按键啊和功能都不是很清楚，但是对于这款车，主要还是看中的安全性，买车时销售介绍了很多关于安全方面的配置。,总的来说还可以，有个小小的遗憾就是后排中间的突起很高，导致中间不好坐人，当时销售说为了底盘的安全而设计的，所以还是选择了他。
砍柴人W,34614,2396584,大众|朗逸|2018款 1.5L 自动舒适版,5,5,5,山东,泰安,2019-01,12.09,-1.0,外观设计亮眼,配置方面简单
等等看好,34614,2433790,大众|朗逸|2018款 1.5L 自动舒适版,5,4,5,山东,济南,2018-12,12.59,7.0,最满意的还是外观还有空间,座椅不是电动的，减震偏硬。
拽家统领,34614,2438863,大众|朗逸|2018款 1.5L 自动舒适版,5,5,4,河南,郑州,2019-01,12.8,10.9,最满意的就是这车外观 看起来很大气 比老款好看太多。,油耗有点高，不知道是不是新车还在磨合的缘故，再开下首保在看看。
熊縂,34614,2094143,大众|朗逸|2018款 1.5L 自动舒适版,5,5,5,湖北,荆门,2018-06,14.08,8.0,品牌，外观都可以吧！空间后排6人完全足够。油耗低，底盘有点高，通过性可以。家用完全够用！,动力偏弱，满载低速超车略显无力，后排中间地台真的有点高。
随风消逝的岁月,34614,2126106,大众|朗逸|2018款 1.5L 自动舒适版,5,4,5,上海,上海,2018-06,13.89,-1.0,最满意的地方就是外观和空间了，plus和朗逸完全不是一个类型的，车身的长度和空间，都是加大的，舒适的座椅，超大的天窗，修长的车身，在加上靓丽的紫色，没什么说的漂亮。,大灯都是低配的led灯，不好看不说，还不实惠，过段时间要换个好点的，其次就是轮胎了，只有15寸感觉还是小了点，最后就是动力了，加速慢的让人发指。
镜花水月ATT,34614,2143771,大众|朗逸|2018款 1.5L 自动舒适版,5,4,5,山东,济宁,2018-06,13.96,6.4,后排空间比上一代的大很多，后备箱更大，满足居家过日子的需求！外观很耐看，虽然还是依旧大众的套娃式脸盘～,1.5L的动力太肉，起步肉的不要不要的
意外000,34614,2147853,大众|朗逸|2018款 1.5L 自动舒适版,5,4,5,河南,郑州,2018-07,13.09,-1.0,要说对全新一代朗逸最满意的地方，那就是外观造型了，看上去更符合年青人的审美了，再就是座椅，座椅比上一代朗逸加长了，坐着更软更舒服了。,最不满意的就是这个车的提速了，车子在低速行驶时一脚地板油下去感觉2秒之后才能感受到速度的提升，动力传输没有那么迅速，不过对于家用绝对是够用了，毕竟不是赛车。
心已远梦已近,34614,2167476,大众|朗逸|2018款 1.5L 自动舒适版,5,5,5,山东,济宁,2018-07,13.29,7.6,最满意的就是这款的外形了，虽然是A级车但是整体看上去不次于B级车型的外观，对我来说全新朗逸应该叫A 级才对，还有就是一些设计都很新颖，算是大众品牌车型里面升级最明显的一款车了，而且我选择朗逸也主要冲着这个外形来的。,最不满意的就是这款车的后悬架了（非独立悬架），既然这么大的车了而且轴距也加长了，为啥不给个独立悬架呢？虽然不做后排，也没有那么挑剔，但是感觉还是独立悬架靠谱不是？所以这个悬架还是希望厂家能多考虑考虑车主们的感受，除了这一点目前其他的都是很如意的。
张公子54321,34614,2168235,大众|朗逸|2018款 1.5L 自动舒适版,5,4,4,湖北,黄冈,2018-08,13.19,9.0,说不出来那里特满意，整体感觉一般般，不是很突出，可以我比较喜欢朗逸的样子吧！,最不满意就是动力，有时候加油加急了发动机到了4000转动力还没有起来，感觉是排量小的原因，还有就是没有倒车影像！
lch683,34614,2203088,大众|朗逸|2018款 1.5L 自动舒适版,5,3,5,福建,厦门,2018-09,12.59,6.5,外观和空间，看着大气，Led大灯，再有就是油耗吧，第一辆车，还可以接受。,起步稍微肉点，噪音有点大，后扭力梁有点掉档次，内饰塑料感比较强，后期要装扮下提高档次
我不会在想你,34614,2249000,大众|朗逸|2018款 1.5L 自动舒适版,5,5,4,山东,济宁,2018-09,13.29,7.8,最喜欢朗逸的外观了，车身设计的很大气尤其是前脸的造型很漂亮，整车看着给人的感觉就是很饱满，而且这个造型老少皆宜看着很舒服也很顺眼。,山东地区的优惠力度还是太小了，对比论坛其他车友的优惠还是有些不够满意。关于车型不满意的地方主要就是感觉刹车挺软的，初步刹车要深点才行，中断比较灵敏一些，后段也是比较软，这个刹车的调校需要磨合磨合才能控制好。
Gaoboy11,34614,2297873,大众|朗逸|2018款 1.5L 自动舒适版,4,4,4,江西,九江,2018-10,14.29,6.0,空间最满意，非常大，应该是同类型车中比较大的，外观大气比老款显得年轻多了，,加速有点肉，其它都还好！
tr4dopn4,34614,2088462,大众|朗逸|2018款 1.5L 自动舒适版,4,4,4,江苏,徐州,2018-06,14,5.0,车子比较耐看,太贵
wenhao123654,34614,2089173,大众|朗逸|2018款 1.5L 自动舒适版,5,5,5,河北,石家庄,2018-05,14.19,7.0,满意的就是外观了，我感觉换代之后的新朗逸颜值就是小帕萨特，尤其是尾灯可能很多人傻傻分不清楚。1.5加6AT动力还行，关键是不敢买双离合，家用还是保养经济来的实惠。,不满意的点配置吧，1.5排量的高配主动刹车都有，却方向盘不是真皮的，没有倒车影像，这点有些理解不了
七月独立,34614,2304799,大众|朗逸|2018款 1.5L 自动舒适版,5,4,5,湖南,长沙,2018-11,12.25,6.2,外观大气，内部简洁,目前没有
Metformin,34614,2321816,大众|朗逸|2018款 1.5L 自动舒适版,5,5,5,山东,潍坊,2018-12,12.29,6.7,外观、内饰、LED灯,当然是发动机了，不过看在油耗的份儿上，说实在话，不跑长途高速，多花那小两万上1.4t没什么意思。
888888胡,34614,2321892,大众|朗逸|2018款 1.5L 自动舒适版,4,4,4,浙江,杭州,2018-11,12.39,7.5,空间大，配置实用，主被动安全配置齐全，省油省心好开好用。,没有定速巡航，高速不开心！电动座椅，来一个撒，要几多钱哩！后排中间凸起太高，是太高！太高！
风筝遇风,34614,2326270,大众|朗逸|2018款 1.5L 自动舒适版,5,4,4,河南,新乡,2018-12,12,-1.0,最喜欢的还是外观吧，大气又时尚。,动力在起步的时候稍微有一点肉，毕竟自吸，但是开起来真的挺平顺，非常适合我这个新手。
李善勇2580,34614,2377314,大众|朗逸|2018款 1.5L 自动舒适版,5,5,4,江苏,苏州,2018-12,11.39,7.5,颜值比较喜欢的前脸，还有翘翘的小屁股，空间也比较大。配置也挺高,价格有点偏贵，不是独立悬架，没有倒车影像和导航。
hu131450,34614,2411810,大众|朗逸|2018款 1.5L 自动舒适版,5,5,5,湖北,襄阳,2019-01,12.6,-1.0,最满意的就是乘坐空间和后备箱空间了，还有外观颜值高,动力有点肉提速起步有点肉，但主要是媳妇开所以对她来说基本也够用了
霍明镜1,34614,2252924,大众|朗逸|2018款 1.5L 自动舒适版,5,3,4,山东,青岛,2018-08,12.7,7.0,车的空间！不得不说大众家的空间做的确实很大，那个超大的后备箱，比我朋友的雅阁的后备箱都要大！LED大灯，太漂亮了，再加上那个LED的日间行车灯，还有这种最新式的前脸，让人看着就比较年轻，而且还特别大气，这些让我非常满意??,动力1.5L，动力没有那么大，舒适性，座椅太硬，悬架也硬，过个坑坑洼洼的地方反馈感很真实，再就是价格可能有点小贵，也可能是新款的原因吧，不过早买早享受啦，也算安慰安慰自己了吧。
蓝北小传媒s,34614,2337864,大众|朗逸|2018款 1.5L 自动舒适版,5,4,4,河北,石家庄,2018-09,12.79,7.1,1、空间理想，前后排都很舒适，后备箱空间很大。2、LED大灯，远光很亮，熄火自动关灯挺好如果是自动的更好了。3、电子手刹，自动驻车很实用。4、后排空调充电口，座椅材质等中规中矩，外观最满意。5、中控屏carplay赞一个。,1、动力只能用够用来形容，d档60迈左右加速无力，只能靠运动档完成加速了但油耗友好也就不好说啥了；2、后排中间凸起稍显夸张，后排杯架扶手又没几个钱，至于电子座椅，自动后视镜就不奢望了。3、雨刷不自动，雨量调节很鸡肋，下雨刮不干净首保时更换已解决；4、最反人类的设计就是仪表盘灯了，天亮就亮，天黑就黑，完全没有底光。5、减配环节：尾部雾灯简配一个亮，自动刹车低配只有后面，胎压只能等报警不会显示数据不知道后期升级电脑会不会有，倒车后视镜下移没有。总结：这个价位你还想要啥自行车！
桃花仙人2018,34614,2407449,大众|朗逸|2018款 1.5L 自动舒适版,5,4,4,河南,商丘,2018-12,12,8.0,颜值，颜值，颜值，重要的事情说三遍。除了颜值，个人感觉安全配置非常到位，五安全气囊，牵引力控制，车身稳定等等，大众的品牌也让人很放心，毕竟几百万的销量不是吹的。,后排凸起太不人道，如果坐三个人对中间的乘客来说是非常不舒服的；无钥匙进入对于一款定价14万多的家轿来说不算奢侈吧；缺少倒车影像，一个摄像头的事；胎压监测只有报警没有显示，大众真是简配到了极点！最后自己加装的倒车影像和胎压监测，前者花费300大洋，后者450大洋。
yty13546,34614,2416361,大众|朗逸|2018款 1.5L 自动舒适版,5,4,5,山西,太原,2018-08,12.79,6.0,新车外观颜值较高，在同级别车型中感觉有商务范。尺寸上变宽变长，更适合家用。后排乘坐空间大，配置方面比较齐全，安全方面配置也不错。车比较省油，开起来比较舒适。,1.5L动力有点肉，没有配备倒车影像，后排没有中央扶手，后排中间地台隆起较高，车内硬塑料较多，主驾驶遮阳板没有化妆镜，用起来不太方便。
恩祈111,34614,2426784,大众|朗逸|2018款 1.5L 自动舒适版,5,4,3,广东,广州,2018-09,12.2,6.8,外观大气上档次，哥想低调，可是实际他不允许呀，哈哈??,高调归高调，但是实话实说，这辆车现在开了9600公里，主要跑了有6000公里长途，要说不满意，就是内饰异响问题，让人感觉很没面子，速度上到六七十，异响就开始了，真的很烦，还有就是动力了，高速超车真的很着急，建议大家再买一定要买带T车型，没有后视镜电动折叠，没有后排中央扶手，没有定速巡航，没有倒车影像，没有前驻车雷达，没有一键启动，没有电动座椅，没有座椅加热，没有主驾驶位化妆镜，没有镜前灯
adm89rap5,34614,2434865,大众|朗逸|2018款 1.5L 自动舒适版,5,4,4,江苏,南京,2018-12,11.69,7.2,当然是外观，这也是买这款车的主要原因，同价位车颜值担当，全系配备led大灯，看起来很大气，车尾也比同级车宝来好看不少，而且全新朗逸比老朗逸大了不少，开出去也有一定的回头率了。毕竟大众都是一样的前脸设计，低调才能更加吸引人。,动力不足，1.5自舒起步太肉，对于新手的我还能接受，建议直接上1.4t，不过价格会贵一点，还是看个人的钱包满不满了。
aq9dks53e,34614,2436684,大众|朗逸|2018款 1.5L 自动舒适版,5,4,4,河南,郑州,2018-12,12.34,6.4,油耗6.4，挺惊喜。外观大爱，大气内敛不张扬。空间大，适合家用。,没有倒车影像，一键启动，胎压显示等想要的配置，不送行车记录仪。
开膛手jack7777,34614,2176212,大众|朗逸|2018款 1.5L 自动舒适版,5,5,4,天津,天津,2018-07,13.09,7.9,led大灯远光非常亮 油耗水平不错,升档过快 导致40多码想再提速要深踩油门
